{
    "rouge1_f1_scores": [
        0.0,
        0.0,
        0.0,
        0.0,
        0.0,
        0.0,
        0.0,
        0.4,
        0.0,
        0.0,
        0.0,
        0.0,
        0.0,
        0.0,
        0.0,
        0.0,
        0.0,
        0.0,
        0.0,
        0.0,
        0.0,
        0.0,
        0.0,
        0.0,
        0.0,
        0.0,
        0.5714285714285715,
        0.6666666666666666,
        0.0,
        0.22222222222222224,
        0.0,
        0.0,
        0.0,
        0.0,
        0.6666666666666666,
        0.0,
        0.0,
        0.4,
        0.18181818181818182,
        0.0,
        0.8,
        0.5714285714285715,
        0.0,
        0.0,
        0.8,
        0.0,
        0.0,
        1.0,
        0.0,
        0.0,
        0.0,
        0.6666666666666666,
        0.6666666666666666,
        0.5,
        0.0,
        0.0,
        0.0,
        0.0,
        0.22222222222222224,
        0.3333333333333333,
        0.0,
        0.28571428571428575,
        0.5714285714285715,
        0.8,
        0.4,
        0.0,
        0.0,
        0.0,
        0.6666666666666666,
        0.28571428571428575,
        0.0,
        0.0,
        0.0,
        0.0
    ],
    "rougeL_f1_scores": [
        0,
        0,
        0,
        0,
        0,
        0,
        0,
        0.4,
        0,
        0,
        0,
        0,
        0,
        0.0,
        0,
        0,
        0,
        0.0,
        0,
        0,
        0,
        0,
        0,
        0.0,
        0,
        0,
        0.5714285714285715,
        0.6666666666666666,
        0,
        0.22222222222222224,
        0.0,
        0,
        0,
        0,
        0.6666666666666666,
        0.0,
        0,
        0.4,
        0.18181818181818182,
        0,
        0.8,
        0.5714285714285715,
        0,
        0,
        0.8,
        0,
        0,
        1.0,
        0,
        0.0,
        0,
        0.6666666666666666,
        0.6666666666666666,
        0.5,
        0,
        0.0,
        0,
        0,
        0.22222222222222224,
        0.3333333333333333,
        0,
        0.28571428571428575,
        0.5714285714285715,
        0.8,
        0.4,
        0.0,
        0.0,
        0.0,
        0.6666666666666666,
        0.28571428571428575,
        0,
        0,
        0,
        0
    ],
    "bleu_scores": [
        6.803482238632567e-158,
        2.2575164047798192e-233,
        1.5462361393187822e-157,
        2.651226012781746e-235,
        1.5264635755081353e-83,
        1.053015856396986e-231,
        1.879476236199302e-155,
        5.953002667491064e-232,
        2.434278775211381e-156,
        2.999388404372268e-232,
        4.6334783924259363e-156,
        3.991959884730063e-232,
        1.012071042130996e-231,
        1.3319224049905902e-232,
        7.713223791278266e-156,
        8.410134478627785e-232,
        9.996378747998576e-232,
        1.8105072040877315e-232,
        4.270801354869211e-232,
        1.0296788793467617e-231,
        9.788429383461836e-232,
        1.8918620907887063e-155,
        1.0350003944289303e-231,
        8.61564425612766e-156,
        3.0936650509380603e-155,
        1.0003688322288243e-231,
        0.10405607890252992,
        1.4016190849698514e-78,
        9.641193013181824e-232,
        1.0638581151575014e-231,
        1.5268390368046544e-78,
        1.077698097414162e-231,
        6.957990942521506e-232,
        9.363140134330432e-232,
        4.161991890344397e-155,
        9.418382295637229e-232,
        1.3162666718999167e-78,
        1.0244914152188952e-231,
        1.3609490656416055e-78,
        8.364937377160846e-232,
        0.07906552205912001,
        0.06861289152387097,
        8.412065649527267e-232,
        8.147480343967206e-232,
        0.10948204849306496,
        1.2482218736438227e-78,
        8.845075682100089e-232,
        0.09533208045615421,
        1.0948551819675659e-231,
        2.9429726889060215e-155,
        1.0048966853028433e-231,
        0.10655498022151062,
        0.08183613068594153,
        0.10001000250075026,
        6.398680211233823e-79,
        8.526769241810518e-232,
        2.3742923878827914e-155,
        2.6949501513677075e-155,
        1.2201290558802645e-78,
        2.0121064281034266e-78,
        3.5582200563509034e-155,
        2.911504128208928e-155,
        1.089529795692233e-78,
        0.10673644455270231,
        8.309479532781237e-232,
        9.893133360884868e-232,
        0.060529150006732486,
        1.1008876702055895e-231,
        0.07786956590083421,
        4.4837170023421914e-155,
        4.231460607757819e-155,
        1.109915257150515e-231,
        9.689041594391036e-232,
        9.246984394901465e-232
    ],
    "bert_precision_scores": [
        0.3814181983470917,
        0.38952505588531494,
        0.30218619108200073,
        0.4542360305786133,
        0.4507303535938263,
        0.45348748564720154,
        0.49567630887031555,
        0.5229545831680298,
        0.4279690980911255,
        0.24348509311676025,
        0.3980083167552948,
        0.4785608649253845,
        0.36903274059295654,
        0.3874382972717285,
        0.42544791102409363,
        0.4408508539199829,
        0.4266549050807953,
        0.3695569932460785,
        0.42185065150260925,
        0.4302695393562317,
        0.3380652070045471,
        0.5140443444252014,
        0.43576040863990784,
        0.44575417041778564,
        0.38682594895362854,
        0.45044100284576416,
        0.25343427062034607,
        0.3901444673538208,
        0.29179129004478455,
        0.3349546790122986,
        0.38487008213996887,
        0.18535421788692474,
        0.2566685974597931,
        0.18781666457653046,
        0.313390851020813,
        0.3170231580734253,
        0.1954527050256729,
        0.46013832092285156,
        0.3952717185020447,
        0.32036006450653076,
        0.3115881383419037,
        0.24077820777893066,
        0.32301104068756104,
        0.3331303894519806,
        0.4861696660518646,
        0.3305094838142395,
        0.49392879009246826,
        0.5092722773551941,
        0.4036739766597748,
        0.46731412410736084,
        0.46176379919052124,
        0.37381577491760254,
        0.4486446678638458,
        0.44423165917396545,
        0.4985809326171875,
        0.5347040295600891,
        0.5142863392829895,
        0.49944940209388733,
        0.4234924018383026,
        0.4970813989639282,
        0.5074571967124939,
        0.3537217676639557,
        0.4756484627723694,
        0.475318044424057,
        0.492042601108551,
        0.5018209218978882,
        0.4235479533672333,
        0.47343823313713074,
        0.43035972118377686,
        0.4470287263393402,
        0.4170060455799103,
        0.4040581285953522,
        0.24530194699764252,
        0.4044720232486725
    ],