{
    "rouge1_f1_scores": [
        0.5789473684210525,
        0.11764705882352941,
        0.1904761904761905,
        0.13333333333333336,
        0.25,
        0.25806451612903225,
        0.0,
        0.06896551724137931,
        0.13793103448275862,
        0.0,
        0.0,
        0.0,
        0.0,
        0.07407407407407407,
        0.0,
        0.0,
        0.0,
        0.06666666666666667,
        0.0,
        0.0,
        0.0,
        0.18181818181818182,
        0.0,
        0.16216216216216214
    ],
    "rougeL_f1_scores": [
        0.5789473684210525,
        0.11764705882352941,
        0.14285714285714288,
        0.13333333333333336,
        0.16666666666666666,
        0.1935483870967742,
        0,
        0.06896551724137931,
        0.13793103448275862,
        0.0,
        0,
        0,
        0,
        0.07407407407407407,
        0,
        0,
        0,
        0.06666666666666667,
        0,
        0,
        0,
        0.1212121212121212,
        0,
        0.16216216216216214
    ],
    "bleu_scores": [
        0.5075388501743744,
        0.01756105899723114,
        0.013840566231511352,
        0.036690516936095326,
        6.808647735761494e-79,
        0.01518952603617043,
        0.128506045576168,
        1.3702919861275968e-155,
        0.01991405062704039,
        1.6736301808670613e-155,
        1.805564558754731e-155,
        2.046688042808171e-155,
        1.2163180330678444e-155,
        0.018518075501983745,
        5.525948938062711e-79,
        0.02027261183650698,
        2.909523119912313e-79,
        2.7168152176804327e-155,
        0.015580703946579993,
        3.2410855122895206e-79,
        2.763417344675602e-79,
        3.117219184138226e-79,
        0.005924330126084993,
        0.019711835651625226
    ],
    "bert_precision_scores": [
        0.2644104063510895,
        0.2546069622039795,
        0.1859329640865326,
        0.2625192701816559,
        0.2858811914920807,
        0.23617027699947357,
        0.2676546275615692,
        0.28752896189689636,
        0.26879867911338806,
        0.23267027735710144,
        0.2554832100868225,
        0.24358130991458893,
        0.08789213001728058,
        0.2824130356311798,
        0.2687509059906006,
        0.23254965245723724,
        0.21591177582740784,
        0.2311919629573822,
        0.24467970430850983,
        0.1731732338666916,
        0.1533576250076294,
        0.2756805121898651,
        0.1728375256061554,
        0.2695089876651764
    ],
    "bert_recall_scores": [
        0.35798993706703186,
        0.34616032242774963,
        0.2740429937839508,
        0.3501252233982086,
        0.36296504735946655,
        0.40674906969070435,
        0.36936888098716736,
        0.4049195945262909,
        0.33238205313682556,
        0.3407875895500183,
        0.35261332988739014,
        0.3454571068286896,
        0.42180711030960083,
        0.36616554856300354,
        0.3741551339626312,
        0.4258296489715576,
        0.397076815366745,
        0.34323006868362427,
        0.33339723944664,
        0.4595876932144165,
        0.4375220239162445,
        0.4079616367816925,
        0.45782896876335144,
        0.3521821200847626
    ],
    "bert_f1_scores": [
        0.3119048774242401,
        0.3011224865913391,
        0.23086586594581604,
        0.30708563327789307,
        0.32524028420448303,
        0.32118386030197144,
        0.3191295266151428,
        0.34663763642311096,
        0.30153533816337585,
        0.28733116388320923,
        0.3047318160533905,
        0.29517242312431335,
        0.2507050931453705,
        0.3250562846660614,
        0.3220303952693939,
        0.3285123109817505,
        0.30606216192245483,
        0.28777191042900085,
        0.2898191809654236,
        0.31359827518463135,
        0.2927370071411133,
        0.34206560254096985,
        0.31259071826934814,
        0.3116421401500702
    ],
    "cosine_similarities": [
        0.7521950329032726,
        0.32713636533842294,
        0.377643757699259,
        0.4483018336165014,
        0.4945821050053632,
        0.29608576169190776,
        0.5464790515580948,
        0.2228779449255389,
        0.3283470027713786,
        0.22613082563486087,
        0.2719851857050277,
        0.17250915113074491,
        0.1900945289125369,
        0.23024663352349262,
        0.3167851412658169,
        0.29419525162928595,
        0.16394141690823655,
        0.3225844960224115,
        0.2436933275512713,
        0.18799076532916548,
        0.20064231188181947,
        0.22092215639360357,
        0.2093975333058192,
        0.25759058859590306
    ],
    "summary_table": [
        {
            "Metric": "Average ROUGE-1 F1",
            "Value": 0.09250358765118168
        },
        {
            "Metric": "Average ROUGE-L F1",
            "Value": 0.08183381387656921
        },
        {
            "Metric": "BLEU Score",
            "Value": 0.03413534048505717
        },
        {
            "Metric": "BERTScore Precision",
            "Value": 0.23554938286542892
        },
        {
            "Metric": "BERTScore Recall",
            "Value": 0.3758460481961568
        },
        {
            "Metric": "BERTScore F1",
            "Value": 0.30560549969474476
        },
        {
            "Metric": "Average Cosine Similarity",
            "Value": 0.3042649237208223
        }
    ]
}