{
    "rouge1_f1_scores": [
        0.16666666666666669,
        0.0,
        0.0,
        0.0,
        0.4,
        0.25,
        0.0,
        0.0,
        0.0,
        0.0,
        0.0,
        0.0,
        0.0,
        0.0,
        0.0,
        0.0,
        0.0,
        0.0,
        0.0,
        0.0,
        0.0,
        0.0,
        0.0,
        0.0,
        0.0,
        0.0,
        0.28571428571428575,
        0.0,
        0.0,
        0.0,
        0.5454545454545454,
        0.0,
        0.28571428571428575,
        0.0,
        0.0,
        0.0,
        0.0,
        0.0,
        0.4444444444444444,
        0.0,
        0.5,
        0.0,
        0.0,
        0.0,
        0.6666666666666666,
        0.0,
        0.0,
        0.0,
        0.0,
        0.0,
        0.6666666666666666,
        0.8,
        0.0,
        0.0,
        0.0,
        0.0,
        0.0,
        0.5,
        0.5,
        0.6666666666666666,
        0.0,
        0.0,
        0.0,
        0.0,
        0.0,
        0.0,
        0.0,
        0.0,
        0.0,
        0.0,
        0.0,
        0.0,
        0.3333333333333333,
        0.0
    ],
    "rougeL_f1_scores": [
        0.16666666666666669,
        0,
        0,
        0,
        0.4,
        0.25,
        0,
        0,
        0,
        0.0,
        0,
        0,
        0,
        0.0,
        0,
        0,
        0,
        0,
        0,
        0,
        0,
        0.0,
        0,
        0,
        0.0,
        0,
        0.28571428571428575,
        0.0,
        0.0,
        0.0,
        0.5454545454545454,
        0,
        0.28571428571428575,
        0.0,
        0,
        0.0,
        0.0,
        0.0,
        0.4444444444444444,
        0.0,
        0.5,
        0,
        0.0,
        0.0,
        0.6666666666666666,
        0,
        0,
        0,
        0,
        0,
        0.6666666666666666,
        0.8,
        0,
        0,
        0,
        0,
        0,
        0.5,
        0.5,
        0.6666666666666666,
        0,
        0,
        0.0,
        0,
        0,
        0,
        0.0,
        0,
        0.0,
        0,
        0.0,
        0,
        0.3333333333333333,
        0
    ],
    "bleu_scores": [
        0.07322509805493374,
        3.5912365690170314e-156,
        3.49559123007136e-269,
        0.005971310124184823,
        0.0019255370643915528,
        2.2530536657069986e-155,
        0.3531093139569367,
        1.0003688322288243e-231,
        0.0096948941719849,
        3.7218077031044255e-155,
        0.0,
        2.6777229691416104e-155,
        9.336117803135294e-232,
        9.25722234127882e-79,
        1.099638051032541e-79,
        0.10449102666810291,
        3.6044694789662218e-155,
        2.2079078370057786e-246,
        8.495894547033486e-79,
        2.9589804895637415e-155,
        9.958726787503715e-232,
        7.973821355316839e-79,
        0.021187463078313717,
        8.321278532364105e-156,
        6.172091541821789e-79,
        9.893133360884868e-232,
        0.07242697633932443,
        3.2606462774617748e-155,
        2.2674935104521644e-155,
        2.1922015989538726e-155,
        0.13563217741360376,
        7.205750158271604e-79,
        2.454081903007032e-155,
        8.259885936748448e-232,
        2.3287865537699184e-155,
        2.5859570062257494e-155,
        2.4084195789711166e-155,
        6.456840294839094e-79,
        0.03542110527784257,
        6.167678604571534e-79,
        0.03205984612954864,
        7.572636698440724e-232,
        1.839610614696448e-155,
        2.09870814592606e-155,
        0.026996730113372176,
        3.6397870226180275e-155,
        3.194645317303101e-155,
        0.049514071043867465,
        3.2264346057196686e-155,
        9.708517153143004e-232,
        0.04049434965789749,
        0.13355890848751445,
        0.0,
        0.025336983570815912,
        3.730385277103717e-155,
        1.0771742873348489e-78,
        0.028663532783817097,
        0.1086202659144277,
        2.3763076073677806e-155,
        0.059012204527726916,
        2.9429726889060215e-155,
        8.551484609999234e-232,
        3.566496967481304e-155,
        1.1241632962739222e-78,
        1.0319427527676151e-231,
        0.0,
        3.0732576399341766e-155,
        0.0,
        9.594503055152632e-232,
        2.4879668124773462e-155,
        2.3773290164182606e-155,
        7.874291370774954e-79,
        0.03871972491815742,
        7.099255524534174e-79
    ],
    "bert_precision_scores": [
        0.5050237774848938,
        0.44913992285728455,
        0.29746294021606445,
        0.4733922481536865,
        0.4040772318840027,
        0.31915482878685,
        0.519169807434082,
        0.3978172838687897,
        0.44702520966529846,
        0.3922995328903198,
        0.35732683539390564,
        0.32148638367652893,
        0.15830764174461365,
        0.32567939162254333,
        0.44098952412605286,
        0.4193287789821625,
        0.3253157436847687,
        0.3596506118774414,
        0.3956718146800995,
        0.2759210467338562,
        0.36560454964637756,
        0.3457970917224884,
        0.24757513403892517,
        0.40670666098594666,
        0.2778928577899933,
        0.354593425989151,
        0.2117690145969391,
        0.3011631667613983,
        0.13070707023143768,
        0.13636882603168488,
        0.36214596033096313,
        0.12642140686511993,
        0.13260246813297272,
        0.08529065549373627,
        0.18488940596580505,
        0.17976464331150055,
        0.10910433530807495,
        0.37172195315361023,
        0.23582430183887482,
        0.1861027628183365,
        0.15629303455352783,
        0.09338691085577011,
        0.16918860375881195,
        0.2074798047542572,
        0.4214353561401367,
        0.37409207224845886,
        0.37589937448501587,
        0.4203334152698517,
        0.37160733342170715,
        0.39057570695877075,
        0.10423320531845093,
        0.4936142861843109,
        0.49307623505592346,
        0.34016963839530945,
        0.41434234380722046,
        0.4821082651615143,
        0.46684718132019043,
        0.44219300150871277,
        0.34024181962013245,
        0.4336775541305542,
        0.38439005613327026,
        0,
        0.41904082894325256,
        0.42167624831199646,
        0.47304415702819824,
        0.43365490436553955,
        0.3671398162841797,
        0.5334153175354004,
        0.24779446423053741,
        0.32176974415779114,
        0.29317551851272583,
        0.31239965558052063,
        0.3730824589729309,
        0.33637356758117676
    ],